provider_slug,send_country,receive_country,pay_in,pay_out,fixed_fee,pct_fee_bps,min_fee,fx_margin_bps,eta_minutes
wise,US,MX,bank_account,bank_deposit,0.65,52,0.9,0,1080
wise,US,MX,debit_card,bank_deposit,1.85,52,0.9,0,60
remitly,US,MX,bank_account,bank_deposit,1.99,0,0,78.3,2880
remitly,US,MX,debit_card,cash_pickup,3.99,0,0,120,30
xoom,US,MX,bank_account,bank_deposit,2.99,0,0,145,120
xoom,US,MX,credit_card,bank_deposit,3.99,250,0,130,60
ria,US,MX,debit_card,cash_pickup,2.99,0,0,210,15
moneygram,US,MX,bank_account,cash_pickup,1.99,0,0,265,60
westernunion,US,MX,bank_account,bank_deposit,0,0,0,385,2880
westernunion,US,MX,debit_card,cash_pickup,3.99,0,0,300,10
remitly,US,MX,bank_account,mobile_wallet,2.49,0,0,95,60
worldremit,US,MX,debit_card,mobile_wallet,2.99,0,0,120,30
ria,US,MX,credit_card,cash_pickup,4.49,275,0,165,30
worldremit,US,MX,credit_card,mobile_wallet,3.49,260,0,145,30
ria,US,MX,bank_account,cash_pickup,2.99,0,0,195,120
moneygram,US,MX,bank_account,mobile_wallet,1.99,0,0,210,60
xoom,US,MX,debit_card,bank_deposit,2.99,0,0,115,60
remitly,US,MX,debit_card,mobile_wallet,3.49,0,0,105,30
ria,US,MX,credit_card,bank_deposit,3.49,265,0,155,120
westernunion,US,MX,credit_card,cash_pickup,4.99,285,0,215,10
moneygram,US,MX,credit_card,mobile_wallet,3.99,270,0,225,60
wise,US,PH,bank_account,bank_deposit,0.46,31,0.9,0,1080
remitly,US,PH,bank_account,bank_deposit,0,0,0,70,2880
worldremit,US,PH,bank_account,bank_deposit,2.29,0,0,90,120
westernunion,US,PH,bank_account,bank_deposit,1.49,0,0,364,2880
ria,US,PH,bank_account,cash_pickup,4.34,0,0,210,120
westernunion,US,PH,debit_card,cash_pickup,5.79,0,0,287,10
remitly,US,PH,debit_card,cash_pickup,2.99,0,0,44,30
moneygram,US,PH,debit_card,cash_pickup,4.99,0,0,185,15
bank_wire,US,PH,bank_account,bank_deposit,30,0,0,250,4320
wise,US,PH,debit_card,bank_deposit,1.3,31,0.9,0,60
xoom,US,PH,credit_card,bank_deposit,3.59,225,0,91,60
ria,US,PH,credit_card,cash_pickup,6.51,399,0,231,30
worldremit,US,PH,credit_card,mobile_wallet,3.49,260,0,145,30
worldremit,US,PH,debit_card,mobile_wallet,2.99,0,0,120,30
remitly,US,PH,bank_account,mobile_wallet,1.87,0,0,38,60
moneygram,US,PH,bank_account,cash_pickup,1.99,0,0,195,120
moneygram,US,PH,bank_account,mobile_wallet,1.99,0,0,210,60
xoom,US,PH,debit_card,bank_deposit,2.69,0,0,80,60
worldremit,US,PH,debit_card,bank_deposit,2.49,0,0,100,90
ria,US,PH,debit_card,cash_pickup,5.06,0,0,224,60
remitly,US,PH,debit_card,mobile_wallet,2.62,0,0,42,30
ria,US,PH,credit_card,bank_deposit,5.06,384,0,217,120
westernunion,US,PH,credit_card,cash_pickup,7.24,413,0,301,10
moneygram,US,PH,credit_card,mobile_wallet,3.99,270,0,225,60
wise,US,IN,bank_account,bank_deposit,0.46,31,0.9,0,1080
remitly,US,IN,bank_account,bank_deposit,1.79,0,0,52,2880
worldremit,US,IN,bank_account,bank_deposit,3.32,0,0,126,120
westernunion,US,IN,bank_account,bank_deposit,0,0,0,364,2880
ria,US,IN,bank_account,cash_pickup,2.99,0,0,150,120
westernunion,US,IN,debit_card,cash_pickup,5.79,0,0,287,10
remitly,US,IN,debit_card,cash_pickup,3.59,0,0,77,30
moneygram,US,IN,debit_card,cash_pickup,7.24,0,0,259,15
bank_wire,US,IN,bank_account,bank_deposit,30,0,0,250,4320
wise,US,IN,debit_card,bank_deposit,1.3,31,0.9,0,60
xoom,US,IN,credit_card,bank_deposit,2.99,188,0,52,60
ria,US,IN,credit_card,cash_pickup,4.49,275,0,165,30
worldremit,US,IN,credit_card,mobile_wallet,5.06,377,0,203,30
worldremit,US,IN,debit_card,mobile_wallet,4.34,0,0,168,30
remitly,US,IN,bank_account,mobile_wallet,2.24,0,0,66,60
moneygram,US,IN,bank_account,cash_pickup,2.89,0,0,273,120
moneygram,US,IN,bank_account,mobile_wallet,2.89,0,0,294,60
xoom,US,IN,debit_card,bank_deposit,2.24,0,0,46,60
worldremit,US,IN,debit_card,bank_deposit,3.61,0,0,140,90
ria,US,IN,debit_card,cash_pickup,3.49,0,0,160,60
remitly,US,IN,debit_card,mobile_wallet,3.14,0,0,74,30
ria,US,IN,credit_card,bank_deposit,3.49,265,0,155,120
westernunion,US,IN,credit_card,cash_pickup,7.24,413,0,301,10
moneygram,US,IN,credit_card,mobile_wallet,5.79,392,0,315,60
wise,US,PK,bank_account,bank_deposit,1.43,131,0.9,0,1350
remitly,US,PK,bank_account,bank_deposit,2.89,0,0,139,3600
worldremit,US,PK,bank_account,bank_deposit,2.29,0,0,119,150
westernunion,US,PK,bank_account,bank_deposit,0,0,0,343,3600
ria,US,PK,bank_account,cash_pickup,2.69,0,0,139,150
westernunion,US,PK,debit_card,cash_pickup,3.99,0,0,271,10
remitly,US,PK,debit_card,cash_pickup,5.79,0,0,203,30
wise,US,PK,debit_card,bank_deposit,4.07,131,0.9,0,60
xoom,US,PK,credit_card,bank_deposit,3.99,250,0,172,60
ria,US,PK,credit_card,cash_pickup,4.04,248,0,152,30
worldremit,US,PK,credit_card,mobile_wallet,3.49,260,0,191,30
worldremit,US,PK,debit_card,mobile_wallet,2.99,0,0,158,30
remitly,US,PK,bank_account,mobile_wallet,3.61,0,0,176,60
moneygram,US,PK,bank_account,cash_pickup,1.49,0,0,103,150
moneygram,US,PK,bank_account,mobile_wallet,1.49,0,0,111,60
xoom,US,PK,debit_card,bank_deposit,2.99,0,0,152,60
worldremit,US,PK,debit_card,bank_deposit,2.49,0,0,132,112
ria,US,PK,debit_card,cash_pickup,3.14,0,0,148,60
remitly,US,PK,debit_card,mobile_wallet,5.06,0,0,194,30
ria,US,PK,credit_card,bank_deposit,3.14,238,0,143,150
westernunion,US,PK,credit_card,cash_pickup,4.99,285,0,284,10
moneygram,US,PK,credit_card,mobile_wallet,2.99,202,0,119,60
wise,US,CO,bank_account,bank_deposit,0.65,49,0.9,0,1080
remitly,US,CO,bank_account,bank_deposit,1.79,0,0,60,2880
worldremit,US,CO,bank_account,bank_deposit,3.32,0,0,145,120
westernunion,US,CO,bank_account,bank_deposit,0,0,0,299,2880
ria,US,CO,bank_account,cash_pickup,2.24,0,0,69,120
westernunion,US,CO,debit_card,cash_pickup,3.99,0,0,236,10
remitly,US,CO,debit_card,cash_pickup,3.59,0,0,89,30
moneygram,US,CO,debit_card,cash_pickup,7.24,0,0,298,15
bank_wire,US,CO,bank_account,bank_deposit,30,0,0,288,4320
wise,US,CO,debit_card,bank_deposit,1.85,49,0.9,0,60
xoom,US,CO,credit_card,bank_deposit,3.99,250,0,150,60
ria,US,CO,credit_card,cash_pickup,3.37,206,0,76,30
worldremit,US,CO,credit_card,mobile_wallet,5.06,377,0,233,30
worldremit,US,CO,debit_card,mobile_wallet,4.34,0,0,193,30
remitly,US,CO,bank_account,mobile_wallet,2.24,0,0,76,60
moneygram,US,CO,bank_account,cash_pickup,2.89,0,0,314,120
moneygram,US,CO,bank_account,mobile_wallet,2.89,0,0,338,60
xoom,US,CO,debit_card,bank_deposit,2.99,0,0,132,60
worldremit,US,CO,debit_card,bank_deposit,3.61,0,0,161,90
ria,US,CO,debit_card,cash_pickup,2.62,0,0,74,60
remitly,US,CO,debit_card,mobile_wallet,3.14,0,0,85,30
ria,US,CO,credit_card,bank_deposit,2.62,199,0,71,120
westernunion,US,CO,credit_card,cash_pickup,4.99,285,0,247,10
moneygram,US,CO,credit_card,mobile_wallet,5.79,392,0,362,60
wise,US,VN,bank_account,bank_deposit,0.55,42,0.9,0,1080
remitly,US,VN,bank_account,bank_deposit,1.99,0,0,90,2880
worldremit,US,VN,bank_account,bank_deposit,3.32,0,0,151,120
westernunion,US,VN,bank_account,bank_deposit,0,0,0,125,2880
ria,US,VN,bank_account,cash_pickup,4.34,0,0,252,120
westernunion,US,VN,debit_card,cash_pickup,2.99,0,0,98,10
remitly,US,VN,debit_card,cash_pickup,3.99,0,0,132,30
moneygram,US,VN,debit_card,cash_pickup,4.99,0,0,222,15
bank_wire,US,VN,bank_account,bank_deposit,30,0,0,300,4320
wise,US,VN,debit_card,bank_deposit,1.57,42,0.9,0,60
xoom,US,VN,credit_card,bank_deposit,5.79,362,0,218,60
ria,US,VN,credit_card,cash_pickup,6.51,399,0,277,30
worldremit,US,VN,credit_card,mobile_wallet,5.06,377,0,244,30
worldremit,US,VN,debit_card,mobile_wallet,4.34,0,0,202,30
remitly,US,VN,bank_account,mobile_wallet,2.49,0,0,114,60
moneygram,US,VN,bank_account,cash_pickup,1.99,0,0,234,120
moneygram,US,VN,bank_account,mobile_wallet,1.99,0,0,252,60
xoom,US,VN,debit_card,bank_deposit,4.34,0,0,193,60
worldremit,US,VN,debit_card,bank_deposit,3.61,0,0,168,90
ria,US,VN,debit_card,cash_pickup,5.06,0,0,269,60
remitly,US,VN,debit_card,mobile_wallet,3.49,0,0,126,30
ria,US,VN,credit_card,bank_deposit,5.06,384,0,260,120
westernunion,US,VN,credit_card,cash_pickup,3.74,214,0,103,10
moneygram,US,VN,credit_card,mobile_wallet,3.99,270,0,270,60
wise,US,GT,bank_account,bank_deposit,1.43,115,0.9,0,1080
remitly,US,GT,bank_account,bank_deposit,1.79,0,0,68,2880
worldremit,US,GT,bank_account,bank_deposit,3.32,0,0,164,120
westernunion,US,GT,bank_account,bank_deposit,0,0,0,135,2880
ria,US,GT,bank_account,cash_pickup,2.24,0,0,78,120
westernunion,US,GT,debit_card,cash_pickup,2.99,0,0,107,10
remitly,US,GT,debit_card,cash_pickup,3.59,0,0,100,30
moneygram,US,GT,debit_card,cash_pickup,4.49,0,0,168,15
bank_wire,US,GT,bank_account,bank_deposit,30,0,0,325,4320
wise,US,GT,debit_card,bank_deposit,4.07,115,0.9,0,60
xoom,US,GT,credit_card,bank_deposit,5.79,362,0,237,60
ria,US,GT,credit_card,cash_pickup,3.37,206,0,86,30
worldremit,US,GT,credit_card,mobile_wallet,5.06,377,0,264,30
worldremit,US,GT,debit_card,mobile_wallet,4.34,0,0,218,30
remitly,US,GT,bank_account,mobile_wallet,2.24,0,0,86,60
moneygram,US,GT,bank_account,cash_pickup,1.79,0,0,177,120
moneygram,US,GT,bank_account,mobile_wallet,1.79,0,0,191,60
xoom,US,GT,debit_card,bank_deposit,4.34,0,0,209,60
worldremit,US,GT,debit_card,bank_deposit,3.61,0,0,182,90
ria,US,GT,debit_card,cash_pickup,2.62,0,0,83,60
remitly,US,GT,debit_card,mobile_wallet,3.14,0,0,96,30
ria,US,GT,credit_card,bank_deposit,2.62,199,0,81,120
westernunion,US,GT,credit_card,cash_pickup,3.74,214,0,112,10
moneygram,US,GT,credit_card,mobile_wallet,3.59,243,0,205,60
wise,US,EG,bank_account,bank_deposit,1.43,158,0.9,0,1350
remitly,US,EG,bank_account,bank_deposit,2.89,0,0,189,3600
worldremit,US,EG,bank_account,bank_deposit,2.06,0,0,113,150
westernunion,US,EG,bank_account,bank_deposit,0,0,0,328,3600
ria,US,EG,bank_account,cash_pickup,2.99,0,0,270,150
westernunion,US,EG,debit_card,cash_pickup,3.59,0,0,258,10
remitly,US,EG,debit_card,cash_pickup,5.79,0,0,277,30
wise,US,EG,debit_card,bank_deposit,4.07,158,0.9,0,60
xoom,US,EG,credit_card,bank_deposit,5.79,362,0,328,60
ria,US,EG,credit_card,cash_pickup,4.49,275,0,297,30
worldremit,US,EG,credit_card,mobile_wallet,3.14,234,0,183,30
worldremit,US,EG,debit_card,mobile_wallet,2.69,0,0,151,30
remitly,US,EG,bank_account,mobile_wallet,3.61,0,0,239,60
moneygram,US,EG,bank_account,cash_pickup,1.49,0,0,140,150
moneygram,US,EG,bank_account,mobile_wallet,1.49,0,0,151,60
xoom,US,EG,debit_card,bank_deposit,4.34,0,0,290,60
worldremit,US,EG,debit_card,bank_deposit,2.24,0,0,126,112
ria,US,EG,debit_card,cash_pickup,3.49,0,0,288,60
remitly,US,EG,debit_card,mobile_wallet,5.06,0,0,265,30
ria,US,EG,credit_card,bank_deposit,3.49,265,0,279,150
westernunion,US,EG,credit_card,cash_pickup,4.49,256,0,271,10
moneygram,US,EG,credit_card,mobile_wallet,2.99,202,0,162,60
wise,US,NG,bank_account,bank_deposit,1.43,165,0.9,0,1350
remitly,US,NG,bank_account,bank_deposit,2.89,0,0,202,3600
worldremit,US,NG,bank_account,bank_deposit,2.06,0,0,121,150
westernunion,US,NG,bank_account,bank_deposit,0,0,0,499,3600
ria,US,NG,bank_account,cash_pickup,4.34,0,0,403,150
westernunion,US,NG,debit_card,cash_pickup,3.99,0,0,394,10
remitly,US,NG,debit_card,cash_pickup,5.79,0,0,296,30
wise,US,NG,debit_card,bank_deposit,4.07,165,0.9,0,60
xoom,US,NG,credit_card,bank_deposit,5.79,362,0,349,60
ria,US,NG,credit_card,cash_pickup,6.51,399,0,444,30
worldremit,US,NG,credit_card,mobile_wallet,3.14,234,0,195,30
worldremit,US,NG,debit_card,mobile_wallet,2.69,0,0,161,30
remitly,US,NG,bank_account,mobile_wallet,3.61,0,0,255,60
moneygram,US,NG,bank_account,cash_pickup,1.79,0,0,262,150
moneygram,US,NG,bank_account,mobile_wallet,1.79,0,0,282,60
xoom,US,NG,debit_card,bank_deposit,4.34,0,0,309,60
worldremit,US,NG,debit_card,bank_deposit,2.24,0,0,134,112
ria,US,NG,debit_card,cash_pickup,5.06,0,0,430,60
remitly,US,NG,debit_card,mobile_wallet,5.06,0,0,282,30
ria,US,NG,credit_card,bank_deposit,5.06,384,0,417,150
westernunion,US,NG,credit_card,cash_pickup,4.99,285,0,413,10
moneygram,US,NG,credit_card,mobile_wallet,3.59,243,0,302,60
wise,GB,MX,bank_account,bank_deposit,0.44,57,0.72,0,1620
remitly,GB,MX,bank_account,bank_deposit,1.43,0,0,76,4320
worldremit,GB,MX,bank_account,bank_deposit,2.66,0,0,183,180
westernunion,GB,MX,bank_account,bank_deposit,0,0,0,377,4320
ria,GB,MX,bank_account,cash_pickup,1.79,0,0,87,180
westernunion,GB,MX,debit_card,cash_pickup,3.19,0,0,297,10
wise,GB,MX,debit_card,bank_deposit,1.26,57,0.72,0,60
xoom,GB,MX,credit_card,bank_deposit,2.87,225,0,132,60
ria,GB,MX,credit_card,cash_pickup,2.69,206,0,96,30
worldremit,GB,MX,credit_card,mobile_wallet,4.05,377,0,294,30
worldremit,GB,MX,debit_card,mobile_wallet,3.47,0,0,244,30
remitly,GB,MX,bank_account,mobile_wallet,1.79,0,0,96,60
moneygram,GB,MX,bank_account,cash_pickup,2.31,0,0,396,180
moneygram,GB,MX,bank_account,mobile_wallet,2.31,0,0,426,60
xoom,GB,MX,debit_card,bank_deposit,2.15,0,0,117,60
worldremit,GB,MX,debit_card,bank_deposit,2.89,0,0,203,135
ria,GB,MX,debit_card,cash_pickup,2.09,0,0,93,60
remitly,GB,MX,debit_card,mobile_wallet,2.51,0,0,107,30
ria,GB,MX,credit_card,bank_deposit,2.09,199,0,90,180
westernunion,GB,MX,credit_card,cash_pickup,3.99,285,0,312,10
moneygram,GB,MX,credit_card,mobile_wallet,4.63,392,0,457,60
wise,GB,PH,bank_account,bank_deposit,0.36,39,0.72,0,1350
remitly,GB,PH,bank_account,bank_deposit,1.43,0,0,63,3600
worldremit,GB,PH,bank_account,bank_deposit,1.65,0,0,76,150
westernunion,GB,PH,bank_account,bank_deposit,0,0,0,437,3600
ria,GB,PH,bank_account,cash_pickup,3.47,0,0,252,150
westernunion,GB,PH,debit_card,cash_pickup,4.63,0,0,344,10
remitly,GB,PH,debit_card,cash_pickup,2.87,0,0,92,30
wise,GB,PH,debit_card,bank_deposit,1.04,39,0.72,0,60
xoom,GB,PH,credit_card,bank_deposit,3.19,250,0,156,60
ria,GB,PH,credit_card,cash_pickup,5.21,399,0,277,30
worldremit,GB,PH,credit_card,mobile_wallet,2.51,234,0,122,30
worldremit,GB,PH,debit_card,mobile_wallet,2.15,0,0,101,30
remitly,GB,PH,bank_account,mobile_wallet,1.79,0,0,80,60
moneygram,GB,PH,bank_account,cash_pickup,1.59,0,0,234,150
moneygram,GB,PH,bank_account,mobile_wallet,1.59,0,0,252,60
xoom,GB,PH,debit_card,bank_deposit,2.39,0,0,138,60
worldremit,GB,PH,debit_card,bank_deposit,1.79,0,0,84,112
ria,GB,PH,debit_card,cash_pickup,4.05,0,0,269,60
remitly,GB,PH,debit_card,mobile_wallet,2.51,0,0,88,30
ria,GB,PH,credit_card,bank_deposit,4.05,384,0,260,150
westernunion,GB,PH,credit_card,cash_pickup,5.79,413,0,361,10
moneygram,GB,PH,credit_card,mobile_wallet,3.19,270,0,270,60
wise,GB,IN,bank_account,bank_deposit,0.36,31,0.72,0,1080
remitly,GB,IN,bank_account,bank_deposit,1.59,0,0,75,2880
worldremit,GB,IN,bank_account,bank_deposit,1.83,0,0,90,120
westernunion,GB,IN,bank_account,bank_deposit,0,0,0,364,2880
ria,GB,IN,bank_account,cash_pickup,2.39,0,0,150,120
westernunion,GB,IN,debit_card,cash_pickup,4.63,0,0,287,10
remitly,GB,IN,debit_card,cash_pickup,3.19,0,0,110,30
moneygram,GB,IN,debit_card,cash_pickup,5.79,0,0,259,15
bank_wire,GB,IN,bank_account,bank_deposit,20,0,0,250,4320
wise,GB,IN,debit_card,bank_deposit,1.04,31,0.72,0,60
xoom,GB,IN,credit_card,bank_deposit,2.87,225,0,91,60
ria,GB,IN,credit_card,cash_pickup,3.59,275,0,165,30
worldremit,GB,IN,credit_card,mobile_wallet,2.79,260,0,145,30
worldremit,GB,IN,debit_card,mobile_wallet,2.39,0,0,120,30
remitly,GB,IN,bank_account,mobile_wallet,1.99,0,0,95,60
moneygram,GB,IN,bank_account,cash_pickup,2.31,0,0,273,120
moneygram,GB,IN,bank_account,mobile_wallet,2.31,0,0,294,60
xoom,GB,IN,debit_card,bank_deposit,2.15,0,0,80,60
worldremit,GB,IN,debit_card,bank_deposit,1.99,0,0,100,90
ria,GB,IN,debit_card,cash_pickup,2.79,0,0,160,60
remitly,GB,IN,debit_card,mobile_wallet,2.79,0,0,105,30
ria,GB,IN,credit_card,bank_deposit,2.79,265,0,155,120
westernunion,GB,IN,credit_card,cash_pickup,5.79,413,0,301,10
moneygram,GB,IN,credit_card,mobile_wallet,4.63,392,0,315,60
wise,GB,PK,bank_account,bank_deposit,1.14,104,0.72,0,1080
remitly,GB,PK,bank_account,bank_deposit,2.31,0,0,115,2880
worldremit,GB,PK,bank_account,bank_deposit,1.65,0,0,69,120
westernunion,GB,PK,bank_account,bank_deposit,0,0,0,286,2880
ria,GB,PK,bank_account,cash_pickup,2.15,0,0,115,120
westernunion,GB,PK,debit_card,cash_pickup,3.19,0,0,226,10
remitly,GB,PK,debit_card,cash_pickup,4.63,0,0,169,30
moneygram,GB,PK,debit_card,cash_pickup,2.99,0,0,81,15
bank_wire,GB,PK,bank_account,bank_deposit,20,0,0,275,4320
wise,GB,PK,debit_card,bank_deposit,3.26,104,0.72,0,60
xoom,GB,PK,credit_card,bank_deposit,4.63,362,0,200,60
ria,GB,PK,credit_card,cash_pickup,3.23,248,0,127,30
worldremit,GB,PK,credit_card,mobile_wallet,2.51,234,0,112,30
worldremit,GB,PK,debit_card,mobile_wallet,2.15,0,0,92,30
remitly,GB,PK,bank_account,mobile_wallet,2.89,0,0,146,60
moneygram,GB,PK,bank_account,cash_pickup,1.19,0,0,86,120
moneygram,GB,PK,bank_account,mobile_wallet,1.19,0,0,92,60
xoom,GB,PK,debit_card,bank_deposit,3.47,0,0,177,60
worldremit,GB,PK,debit_card,bank_deposit,1.79,0,0,77,90
ria,GB,PK,debit_card,cash_pickup,2.51,0,0,123,60
remitly,GB,PK,debit_card,mobile_wallet,4.05,0,0,162,30
ria,GB,PK,credit_card,bank_deposit,2.51,238,0,119,120
westernunion,GB,PK,credit_card,cash_pickup,3.99,285,0,237,10
moneygram,GB,PK,credit_card,mobile_wallet,2.39,202,0,99,60
wise,GB,CO,bank_account,bank_deposit,0.52,73,0.72,0,1620
remitly,GB,CO,bank_account,bank_deposit,1.59,0,0,125,4320
worldremit,GB,CO,bank_account,bank_deposit,2.66,0,0,210,180
westernunion,GB,CO,bank_account,bank_deposit,0,0,0,434,4320
ria,GB,CO,bank_account,cash_pickup,1.79,0,0,100,180
westernunion,GB,CO,debit_card,cash_pickup,3.19,0,0,342,10
wise,GB,CO,debit_card,bank_deposit,1.48,73,0.72,0,60
xoom,GB,CO,credit_card,bank_deposit,4.63,362,0,303,60
ria,GB,CO,credit_card,cash_pickup,2.69,206,0,110,30
worldremit,GB,CO,credit_card,mobile_wallet,4.05,377,0,339,30
worldremit,GB,CO,debit_card,mobile_wallet,3.47,0,0,280,30
remitly,GB,CO,bank_account,mobile_wallet,1.99,0,0,158,60
moneygram,GB,CO,bank_account,cash_pickup,2.31,0,0,455,180
moneygram,GB,CO,bank_account,mobile_wallet,2.31,0,0,490,60
xoom,GB,CO,debit_card,bank_deposit,3.47,0,0,268,60
worldremit,GB,CO,debit_card,bank_deposit,2.89,0,0,233,135
ria,GB,CO,debit_card,cash_pickup,2.09,0,0,107,60
remitly,GB,CO,debit_card,mobile_wallet,2.79,0,0,175,30
ria,GB,CO,credit_card,bank_deposit,2.09,199,0,103,180
westernunion,GB,CO,credit_card,cash_pickup,3.99,285,0,359,10
moneygram,GB,CO,credit_card,mobile_wallet,4.63,392,0,525,60
wise,GB,VN,bank_account,bank_deposit,0.44,64,0.72,0,1620
remitly,GB,VN,bank_account,bank_deposit,2.31,0,0,183,4320
worldremit,GB,VN,bank_account,bank_deposit,1.83,0,0,157,180
westernunion,GB,VN,bank_account,bank_deposit,0,0,0,181,4320
ria,GB,VN,bank_account,cash_pickup,3.47,0,0,365,180
westernunion,GB,VN,debit_card,cash_pickup,2.39,0,0,143,10
wise,GB,VN,debit_card,bank_deposit,1.26,64,0.72,0,60
xoom,GB,VN,credit_card,bank_deposit,4.63,362,0,317,60
ria,GB,VN,credit_card,cash_pickup,5.21,399,0,402,30
worldremit,GB,VN,credit_card,mobile_wallet,2.79,260,0,252,30
worldremit,GB,VN,debit_card,mobile_wallet,2.39,0,0,209,30
remitly,GB,VN,bank_account,mobile_wallet,2.89,0,0,231,60
moneygram,GB,VN,bank_account,cash_pickup,1.59,0,0,339,180
moneygram,GB,VN,bank_account,mobile_wallet,1.59,0,0,365,60
xoom,GB,VN,debit_card,bank_deposit,3.47,0,0,280,60
worldremit,GB,VN,debit_card,bank_deposit,1.99,0,0,174,135
ria,GB,VN,debit_card,cash_pickup,4.05,0,0,390,60
remitly,GB,VN,debit_card,mobile_wallet,4.05,0,0,256,30
ria,GB,VN,credit_card,bank_deposit,4.05,384,0,378,180
westernunion,GB,VN,credit_card,cash_pickup,2.99,214,0,150,10
moneygram,GB,VN,credit_card,mobile_wallet,3.19,270,0,392,60
wise,GB,GT,bank_account,bank_deposit,1.14,173,0.72,0,1620
remitly,GB,GT,bank_account,bank_deposit,1.59,0,0,141,4320
worldremit,GB,GT,bank_account,bank_deposit,2.66,0,0,238,180
westernunion,GB,GT,bank_account,bank_deposit,0,0,0,196,4320
ria,GB,GT,bank_account,cash_pickup,1.79,0,0,113,180
westernunion,GB,GT,debit_card,cash_pickup,2.39,0,0,155,10
wise,GB,GT,debit_card,bank_deposit,3.26,173,0.72,0,60
xoom,GB,GT,credit_card,bank_deposit,4.63,362,0,343,60
ria,GB,GT,credit_card,cash_pickup,2.69,206,0,124,30
worldremit,GB,GT,credit_card,mobile_wallet,4.05,377,0,383,30
worldremit,GB,GT,debit_card,mobile_wallet,3.47,0,0,317,30
remitly,GB,GT,bank_account,mobile_wallet,1.99,0,0,179,60
moneygram,GB,GT,bank_account,cash_pickup,1.43,0,0,257,180
moneygram,GB,GT,bank_account,mobile_wallet,1.43,0,0,277,60
xoom,GB,GT,debit_card,bank_deposit,3.47,0,0,303,60
worldremit,GB,GT,debit_card,bank_deposit,2.89,0,0,264,135
ria,GB,GT,debit_card,cash_pickup,2.09,0,0,121,60
remitly,GB,GT,debit_card,mobile_wallet,2.79,0,0,198,30
ria,GB,GT,credit_card,bank_deposit,2.09,199,0,117,180
westernunion,GB,GT,credit_card,cash_pickup,2.99,214,0,162,10
moneygram,GB,GT,credit_card,mobile_wallet,2.87,243,0,297,60
wise,GB,EG,bank_account,bank_deposit,1.14,158,0.72,0,1350
remitly,GB,EG,bank_account,bank_deposit,2.31,0,0,189,3600
worldremit,GB,EG,bank_account,bank_deposit,1.37,0,0,65,150
westernunion,GB,EG,bank_account,bank_deposit,0,0,0,328,3600
ria,GB,EG,bank_account,cash_pickup,2.39,0,0,270,150
westernunion,GB,EG,debit_card,cash_pickup,2.87,0,0,258,10
remitly,GB,EG,debit_card,cash_pickup,4.63,0,0,277,30
wise,GB,EG,debit_card,bank_deposit,3.26,158,0.72,0,60
xoom,GB,EG,credit_card,bank_deposit,4.63,362,0,328,60
ria,GB,EG,credit_card,cash_pickup,3.59,275,0,297,30
worldremit,GB,EG,credit_card,mobile_wallet,2.09,195,0,104,30
worldremit,GB,EG,debit_card,mobile_wallet,1.79,0,0,86,30
remitly,GB,EG,bank_account,mobile_wallet,2.89,0,0,239,60
moneygram,GB,EG,bank_account,cash_pickup,1.19,0,0,140,150
moneygram,GB,EG,bank_account,mobile_wallet,1.19,0,0,151,60
xoom,GB,EG,debit_card,bank_deposit,3.47,0,0,290,60
worldremit,GB,EG,debit_card,bank_deposit,1.49,0,0,72,112
ria,GB,EG,debit_card,cash_pickup,2.79,0,0,288,60
remitly,GB,EG,debit_card,mobile_wallet,4.05,0,0,265,30
ria,GB,EG,credit_card,bank_deposit,2.79,265,0,279,150
westernunion,GB,EG,credit_card,cash_pickup,3.59,256,0,271,10
moneygram,GB,EG,credit_card,mobile_wallet,2.39,202,0,162,60
wise,GB,NG,bank_account,bank_deposit,1.14,132,0.72,0,1080
remitly,GB,NG,bank_account,bank_deposit,2.31,0,0,168,2880
worldremit,GB,NG,bank_account,bank_deposit,1.37,0,0,58,120
westernunion,GB,NG,bank_account,bank_deposit,0,0,0,416,2880
ria,GB,NG,bank_account,cash_pickup,3.47,0,0,336,120
westernunion,GB,NG,debit_card,cash_pickup,3.19,0,0,328,10
remitly,GB,NG,debit_card,cash_pickup,4.63,0,0,246,30
moneygram,GB,NG,debit_card,cash_pickup,3.59,0,0,207,15
bank_wire,GB,NG,bank_account,bank_deposit,20,0,0,400,4320
wise,GB,NG,debit_card,bank_deposit,3.26,132,0.72,0,60
xoom,GB,NG,credit_card,bank_deposit,4.63,362,0,291,60
ria,GB,NG,credit_card,cash_pickup,5.21,399,0,370,30
worldremit,GB,NG,credit_card,mobile_wallet,2.09,195,0,93,30
worldremit,GB,NG,debit_card,mobile_wallet,1.79,0,0,77,30
remitly,GB,NG,bank_account,mobile_wallet,2.89,0,0,213,60
moneygram,GB,NG,bank_account,cash_pickup,1.43,0,0,218,120
moneygram,GB,NG,bank_account,mobile_wallet,1.43,0,0,235,60
xoom,GB,NG,debit_card,bank_deposit,3.47,0,0,258,60
worldremit,GB,NG,debit_card,bank_deposit,1.49,0,0,64,90
ria,GB,NG,debit_card,cash_pickup,4.05,0,0,358,60
remitly,GB,NG,debit_card,mobile_wallet,4.05,0,0,235,30
ria,GB,NG,credit_card,bank_deposit,4.05,384,0,347,120
westernunion,GB,NG,credit_card,cash_pickup,3.99,285,0,344,10
moneygram,GB,NG,credit_card,mobile_wallet,2.87,243,0,252,60
wise,CA,MX,bank_account,bank_deposit,0.75,48,1.22,0,1350
remitly,CA,MX,bank_account,bank_deposit,2.01,0,0,36,3600
worldremit,CA,MX,bank_account,bank_deposit,4.48,0,0,151,150
westernunion,CA,MX,bank_account,bank_deposit,0,0,0,312,3600
ria,CA,MX,bank_account,cash_pickup,3.03,0,0,72,150
westernunion,CA,MX,debit_card,cash_pickup,5.39,0,0,246,10
remitly,CA,MX,debit_card,cash_pickup,4.04,0,0,53,30
wise,CA,MX,debit_card,bank_deposit,2.12,48,1.22,0,60
xoom,CA,MX,credit_card,bank_deposit,4.04,188,0,62,60
ria,CA,MX,credit_card,cash_pickup,4.55,206,0,79,30
worldremit,CA,MX,credit_card,mobile_wallet,6.83,377,0,244,30
worldremit,CA,MX,debit_card,mobile_wallet,5.85,0,0,202,30
remitly,CA,MX,bank_account,mobile_wallet,2.52,0,0,46,60
moneygram,CA,MX,bank_account,cash_pickup,3.9,0,0,328,150
moneygram,CA,MX,bank_account,mobile_wallet,3.9,0,0,353,60
xoom,CA,MX,debit_card,bank_deposit,3.03,0,0,55,60
worldremit,CA,MX,debit_card,bank_deposit,4.87,0,0,168,112
ria,CA,MX,debit_card,cash_pickup,3.53,0,0,77,60
remitly,CA,MX,debit_card,mobile_wallet,3.53,0,0,50,30
ria,CA,MX,credit_card,bank_deposit,3.53,199,0,74,150
westernunion,CA,MX,credit_card,cash_pickup,6.74,285,0,258,10
moneygram,CA,MX,credit_card,mobile_wallet,7.81,392,0,378,60
wise,CA,PH,bank_account,bank_deposit,0.61,31,1.22,0,1080
remitly,CA,PH,bank_account,bank_deposit,2.01,0,0,30,2880
worldremit,CA,PH,bank_account,bank_deposit,3.09,0,0,90,120
westernunion,CA,PH,bank_account,bank_deposit,0,0,0,364,2880
ria,CA,PH,bank_account,cash_pickup,5.85,0,0,210,120
westernunion,CA,PH,debit_card,cash_pickup,7.81,0,0,287,10
remitly,CA,PH,debit_card,cash_pickup,4.04,0,0,44,30
moneygram,CA,PH,debit_card,cash_pickup,6.74,0,0,185,15
bank_wire,CA,PH,bank_account,bank_deposit,30,0,0,250,4320
wise,CA,PH,debit_card,bank_deposit,1.75,31,1.22,0,60
xoom,CA,PH,credit_card,bank_deposit,4.85,225,0,91,60
ria,CA,PH,credit_card,cash_pickup,8.79,399,0,231,30
worldremit,CA,PH,credit_card,mobile_wallet,4.71,260,0,145,30
worldremit,CA,PH,debit_card,mobile_wallet,4.04,0,0,120,30
remitly,CA,PH,bank_account,mobile_wallet,2.52,0,0,38,60
moneygram,CA,PH,bank_account,cash_pickup,2.69,0,0,195,120
moneygram,CA,PH,bank_account,mobile_wallet,2.69,0,0,210,60
xoom,CA,PH,debit_card,bank_deposit,3.63,0,0,80,60
worldremit,CA,PH,debit_card,bank_deposit,3.36,0,0,100,90
ria,CA,PH,debit_card,cash_pickup,6.83,0,0,224,60
remitly,CA,PH,debit_card,mobile_wallet,3.53,0,0,42,30
ria,CA,PH,credit_card,bank_deposit,6.83,384,0,217,120
westernunion,CA,PH,credit_card,cash_pickup,9.77,413,0,301,10
moneygram,CA,PH,credit_card,mobile_wallet,5.39,270,0,225,60
wise,CA,IN,bank_account,bank_deposit,0.61,31,1.22,0,1080
remitly,CA,IN,bank_account,bank_deposit,2.42,0,0,52,2880
worldremit,CA,IN,bank_account,bank_deposit,4.48,0,0,126,120
westernunion,CA,IN,bank_account,bank_deposit,0,0,0,364,2880
ria,CA,IN,bank_account,cash_pickup,4.04,0,0,150,120
westernunion,CA,IN,debit_card,cash_pickup,7.81,0,0,287,10
remitly,CA,IN,debit_card,cash_pickup,4.85,0,0,77,30
moneygram,CA,IN,debit_card,cash_pickup,9.77,0,0,259,15
bank_wire,CA,IN,bank_account,bank_deposit,30,0,0,250,4320
wise,CA,IN,debit_card,bank_deposit,1.75,31,1.22,0,60
xoom,CA,IN,credit_card,bank_deposit,4.04,188,0,52,60
ria,CA,IN,credit_card,cash_pickup,6.06,275,0,165,30
worldremit,CA,IN,credit_card,mobile_wallet,6.83,377,0,203,30
worldremit,CA,IN,debit_card,mobile_wallet,5.85,0,0,168,30
remitly,CA,IN,bank_account,mobile_wallet,3.03,0,0,66,60
moneygram,CA,IN,bank_account,cash_pickup,3.9,0,0,273,120
moneygram,CA,IN,bank_account,mobile_wallet,3.9,0,0,294,60
xoom,CA,IN,debit_card,bank_deposit,3.03,0,0,46,60
worldremit,CA,IN,debit_card,bank_deposit,4.87,0,0,140,90
ria,CA,IN,debit_card,cash_pickup,4.71,0,0,160,60
remitly,CA,IN,debit_card,mobile_wallet,4.24,0,0,74,30
ria,CA,IN,credit_card,bank_deposit,4.71,265,0,155,120
westernunion,CA,IN,credit_card,cash_pickup,9.77,413,0,301,10
moneygram,CA,IN,credit_card,mobile_wallet,7.81,392,0,315,60
wise,CA,PK,bank_account,bank_deposit,1.93,131,1.22,0,1350
remitly,CA,PK,bank_account,bank_deposit,3.9,0,0,139,3600
worldremit,CA,PK,bank_account,bank_deposit,3.09,0,0,119,150
westernunion,CA,PK,bank_account,bank_deposit,0,0,0,343,3600
ria,CA,PK,bank_account,cash_pickup,3.63,0,0,139,150
westernunion,CA,PK,debit_card,cash_pickup,5.39,0,0,271,10
remitly,CA,PK,debit_card,cash_pickup,7.81,0,0,203,30
wise,CA,PK,debit_card,bank_deposit,5.49,131,1.22,0,60
xoom,CA,PK,credit_card,bank_deposit,5.39,250,0,172,60
ria,CA,PK,credit_card,cash_pickup,5.46,248,0,152,30
worldremit,CA,PK,credit_card,mobile_wallet,4.71,260,0,191,30
worldremit,CA,PK,debit_card,mobile_wallet,4.04,0,0,158,30
remitly,CA,PK,bank_account,mobile_wallet,4.87,0,0,176,60
moneygram,CA,PK,bank_account,cash_pickup,2.01,0,0,103,150
moneygram,CA,PK,bank_account,mobile_wallet,2.01,0,0,111,60
xoom,CA,PK,debit_card,bank_deposit,4.04,0,0,152,60
worldremit,CA,PK,debit_card,bank_deposit,3.36,0,0,132,112
ria,CA,PK,debit_card,cash_pickup,4.24,0,0,148,60
remitly,CA,PK,debit_card,mobile_wallet,6.83,0,0,194,30
ria,CA,PK,credit_card,bank_deposit,4.24,238,0,143,150
westernunion,CA,PK,credit_card,cash_pickup,6.74,285,0,284,10
moneygram,CA,PK,credit_card,mobile_wallet,4.04,202,0,119,60
wise,CA,CO,bank_account,bank_deposit,0.88,73,1.22,0,1620
remitly,CA,CO,bank_account,bank_deposit,2.42,0,0,88,4320
worldremit,CA,CO,bank_account,bank_deposit,4.48,0,0,210,180
westernunion,CA,CO,bank_account,bank_deposit,0,0,0,434,4320
ria,CA,CO,bank_account,cash_pickup,3.03,0,0,100,180
westernunion,CA,CO,debit_card,cash_pickup,5.39,0,0,342,10
wise,CA,CO,debit_card,bank_deposit,2.5,73,1.22,0,60
xoom,CA,CO,credit_card,bank_deposit,5.39,250,0,217,60
ria,CA,CO,credit_card,cash_pickup,4.55,206,0,110,30
worldremit,CA,CO,credit_card,mobile_wallet,6.83,377,0,339,30
worldremit,CA,CO,debit_card,mobile_wallet,5.85,0,0,280,30
remitly,CA,CO,bank_account,mobile_wallet,3.03,0,0,111,60
moneygram,CA,CO,bank_account,cash_pickup,3.9,0,0,455,180
moneygram,CA,CO,bank_account,mobile_wallet,3.9,0,0,490,60
xoom,CA,CO,debit_card,bank_deposit,4.04,0,0,192,60
worldremit,CA,CO,debit_card,bank_deposit,4.87,0,0,233,135
ria,CA,CO,debit_card,cash_pickup,3.53,0,0,107,60
remitly,CA,CO,debit_card,mobile_wallet,4.24,0,0,123,30
ria,CA,CO,credit_card,bank_deposit,3.53,199,0,103,180
westernunion,CA,CO,credit_card,cash_pickup,6.74,285,0,359,10
moneygram,CA,CO,credit_card,mobile_wallet,7.81,392,0,525,60
wise,CA,VN,bank_account,bank_deposit,0.75,53,1.22,0,1350
remitly,CA,VN,bank_account,bank_deposit,2.69,0,0,108,3600
worldremit,CA,VN,bank_account,bank_deposit,4.48,0,0,181,150
westernunion,CA,VN,bank_account,bank_deposit,0,0,0,150,3600
ria,CA,VN,bank_account,cash_pickup,5.85,0,0,302,150
westernunion,CA,VN,debit_card,cash_pickup,4.04,0,0,118,10
remitly,CA,VN,debit_card,cash_pickup,5.39,0,0,158,30
wise,CA,VN,debit_card,bank_deposit,2.12,53,1.22,0,60
xoom,CA,VN,credit_card,bank_deposit,7.81,362,0,262,60
ria,CA,VN,credit_card,cash_pickup,8.79,399,0,333,30
worldremit,CA,VN,credit_card,mobile_wallet,6.83,377,0,292,30
worldremit,CA,VN,debit_card,mobile_wallet,5.85,0,0,242,30
remitly,CA,VN,bank_account,mobile_wallet,3.36,0,0,137,60
moneygram,CA,VN,bank_account,cash_pickup,2.69,0,0,281,150
moneygram,CA,VN,bank_account,mobile_wallet,2.69,0,0,302,60
xoom,CA,VN,debit_card,bank_deposit,5.85,0,0,232,60
worldremit,CA,VN,debit_card,bank_deposit,4.87,0,0,202,112
ria,CA,VN,debit_card,cash_pickup,6.83,0,0,323,60
remitly,CA,VN,debit_card,mobile_wallet,4.71,0,0,151,30
ria,CA,VN,credit_card,bank_deposit,6.83,384,0,312,150
westernunion,CA,VN,credit_card,cash_pickup,5.05,214,0,124,10
moneygram,CA,VN,credit_card,mobile_wallet,5.39,270,0,324,60
remitly,CA,GT,bank_account,bank_deposit,2.42,0,0,99,4320
worldremit,CA,GT,bank_account,bank_deposit,4.48,0,0,238,180
westernunion,CA,GT,bank_account,bank_deposit,0,0,0,196,4320
ria,CA,GT,bank_account,cash_pickup,3.03,0,0,113,180
westernunion,CA,GT,debit_card,cash_pickup,4.04,0,0,155,10
xoom,CA,GT,credit_card,bank_deposit,7.81,362,0,343,60
ria,CA,GT,credit_card,cash_pickup,4.55,206,0,124,30
worldremit,CA,GT,credit_card,mobile_wallet,6.83,377,0,383,30
worldremit,CA,GT,debit_card,mobile_wallet,5.85,0,0,317,30
remitly,CA,GT,bank_account,mobile_wallet,3.03,0,0,125,60
moneygram,CA,GT,bank_account,cash_pickup,2.42,0,0,257,180
moneygram,CA,GT,bank_account,mobile_wallet,2.42,0,0,277,60
xoom,CA,GT,debit_card,bank_deposit,5.85,0,0,303,60
worldremit,CA,GT,debit_card,bank_deposit,4.87,0,0,264,135
ria,CA,GT,debit_card,cash_pickup,3.53,0,0,121,60
remitly,CA,GT,debit_card,mobile_wallet,4.24,0,0,139,30
ria,CA,GT,credit_card,bank_deposit,3.53,199,0,117,180
westernunion,CA,GT,credit_card,cash_pickup,5.05,214,0,162,10
moneygram,CA,GT,credit_card,mobile_wallet,4.85,243,0,297,60
wise,CA,EG,bank_account,bank_deposit,1.93,189,1.22,0,1620
remitly,CA,EG,bank_account,bank_deposit,3.9,0,0,228,4320
worldremit,CA,EG,bank_account,bank_deposit,2.78,0,0,137,180
westernunion,CA,EG,bank_account,bank_deposit,0,0,0,396,4320
ria,CA,EG,bank_account,cash_pickup,4.04,0,0,326,180
westernunion,CA,EG,debit_card,cash_pickup,4.85,0,0,312,10
wise,CA,EG,debit_card,bank_deposit,5.49,189,1.22,0,60
xoom,CA,EG,credit_card,bank_deposit,7.81,362,0,396,60
ria,CA,EG,credit_card,cash_pickup,6.06,275,0,359,30
worldremit,CA,EG,credit_card,mobile_wallet,4.24,234,0,221,30
worldremit,CA,EG,debit_card,mobile_wallet,3.63,0,0,183,30
remitly,CA,EG,bank_account,mobile_wallet,4.87,0,0,289,60
moneygram,CA,EG,bank_account,cash_pickup,2.01,0,0,170,180
moneygram,CA,EG,bank_account,mobile_wallet,2.01,0,0,183,60
xoom,CA,EG,debit_card,bank_deposit,5.85,0,0,350,60
worldremit,CA,EG,debit_card,bank_deposit,3.03,0,0,152,135
ria,CA,EG,debit_card,cash_pickup,4.71,0,0,348,60
remitly,CA,EG,debit_card,mobile_wallet,6.83,0,0,320,30
ria,CA,EG,credit_card,bank_deposit,4.71,265,0,337,180
westernunion,CA,EG,credit_card,cash_pickup,6.06,256,0,327,10
moneygram,CA,EG,credit_card,mobile_wallet,4.04,202,0,196,60
wise,CA,NG,bank_account,bank_deposit,1.93,198,1.22,0,1620
remitly,CA,NG,bank_account,bank_deposit,3.9,0,0,244,4320
worldremit,CA,NG,bank_account,bank_deposit,2.78,0,0,146,180
westernunion,CA,NG,bank_account,bank_deposit,0,0,0,600,4320
ria,CA,NG,bank_account,cash_pickup,5.85,0,0,487,180
westernunion,CA,NG,debit_card,cash_pickup,5.39,0,0,476,10
wise,CA,NG,debit_card,bank_deposit,5.49,198,1.22,0,60
xoom,CA,NG,credit_card,bank_deposit,7.81,362,0,422,60
ria,CA,NG,credit_card,cash_pickup,8.79,399,0,536,30
worldremit,CA,NG,credit_card,mobile_wallet,4.24,234,0,235,30
worldremit,CA,NG,debit_card,mobile_wallet,3.63,0,0,195,30
remitly,CA,NG,bank_account,mobile_wallet,4.87,0,0,309,60
moneygram,CA,NG,bank_account,cash_pickup,2.42,0,0,317,180
moneygram,CA,NG,bank_account,mobile_wallet,2.42,0,0,341,60
xoom,CA,NG,debit_card,bank_deposit,5.85,0,0,374,60
worldremit,CA,NG,debit_card,bank_deposit,3.03,0,0,162,135
ria,CA,NG,debit_card,cash_pickup,6.83,0,0,520,60
remitly,CA,NG,debit_card,mobile_wallet,6.83,0,0,341,30
ria,CA,NG,credit_card,bank_deposit,6.83,384,0,503,180
westernunion,CA,NG,credit_card,cash_pickup,6.74,285,0,499,10
moneygram,CA,NG,credit_card,mobile_wallet,4.85,243,0,365,60
wise,AU,MX,bank_account,bank_deposit,0.83,57,1.35,0,1620
remitly,AU,MX,bank_account,bank_deposit,2.24,0,0,44,4320
worldremit,AU,MX,bank_account,bank_deposit,4.98,0,0,183,180
westernunion,AU,MX,bank_account,bank_deposit,0,0,0,377,4320
ria,AU,MX,bank_account,cash_pickup,3.36,0,0,87,180
westernunion,AU,MX,debit_card,cash_pickup,5.99,0,0,297,10
wise,AU,MX,debit_card,bank_deposit,2.36,57,1.35,0,60
xoom,AU,MX,credit_card,bank_deposit,5.39,225,0,132,60
ria,AU,MX,credit_card,cash_pickup,5.05,206,0,96,30
worldremit,AU,MX,credit_card,mobile_wallet,7.59,377,0,294,30
worldremit,AU,MX,debit_card,mobile_wallet,6.5,0,0,244,30
remitly,AU,MX,bank_account,mobile_wallet,2.8,0,0,55,60
moneygram,AU,MX,bank_account,cash_pickup,4.33,0,0,396,180
moneygram,AU,MX,bank_account,mobile_wallet,4.33,0,0,426,60
xoom,AU,MX,debit_card,bank_deposit,4.04,0,0,117,60
worldremit,AU,MX,debit_card,bank_deposit,5.42,0,0,203,135
ria,AU,MX,debit_card,cash_pickup,3.93,0,0,93,60
remitly,AU,MX,debit_card,mobile_wallet,3.93,0,0,61,30
ria,AU,MX,credit_card,bank_deposit,3.93,199,0,90,180
westernunion,AU,MX,credit_card,cash_pickup,7.49,285,0,312,10
moneygram,AU,MX,credit_card,mobile_wallet,8.68,392,0,457,60
wise,AU,PH,bank_account,bank_deposit,0.68,31,1.35,0,1080
remitly,AU,PH,bank_account,bank_deposit,2.24,0,0,30,2880
worldremit,AU,PH,bank_account,bank_deposit,3.44,0,0,90,120
westernunion,AU,PH,bank_account,bank_deposit,0,0,0,364,2880
ria,AU,PH,bank_account,cash_pickup,6.5,0,0,210,120
westernunion,AU,PH,debit_card,cash_pickup,8.68,0,0,287,10
remitly,AU,PH,debit_card,cash_pickup,4.49,0,0,44,30
moneygram,AU,PH,debit_card,cash_pickup,7.49,0,0,185,15
bank_wire,AU,PH,bank_account,bank_deposit,30,0,0,250,4320
wise,AU,PH,debit_card,bank_deposit,1.94,31,1.35,0,60
xoom,AU,PH,credit_card,bank_deposit,5.99,250,0,130,60
ria,AU,PH,credit_card,cash_pickup,9.77,399,0,231,30
worldremit,AU,PH,credit_card,mobile_wallet,5.24,260,0,145,30
worldremit,AU,PH,debit_card,mobile_wallet,4.49,0,0,120,30
remitly,AU,PH,bank_account,mobile_wallet,2.8,0,0,38,60
moneygram,AU,PH,bank_account,cash_pickup,2.99,0,0,195,120
moneygram,AU,PH,bank_account,mobile_wallet,2.99,0,0,210,60
xoom,AU,PH,debit_card,bank_deposit,4.49,0,0,115,60
worldremit,AU,PH,debit_card,bank_deposit,3.74,0,0,100,90
ria,AU,PH,debit_card,cash_pickup,7.59,0,0,224,60
remitly,AU,PH,debit_card,mobile_wallet,3.93,0,0,42,30
ria,AU,PH,credit_card,bank_deposit,7.59,384,0,217,120
westernunion,AU,PH,credit_card,cash_pickup,10.85,413,0,301,10
moneygram,AU,PH,credit_card,mobile_wallet,5.99,270,0,225,60
wise,AU,IN,bank_account,bank_deposit,0.68,39,1.35,0,1350
remitly,AU,IN,bank_account,bank_deposit,2.69,0,0,63,3600
worldremit,AU,IN,bank_account,bank_deposit,4.98,0,0,151,150
westernunion,AU,IN,bank_account,bank_deposit,0,0,0,437,3600
ria,AU,IN,bank_account,cash_pickup,4.49,0,0,180,150
westernunion,AU,IN,debit_card,cash_pickup,8.68,0,0,344,10
remitly,AU,IN,debit_card,cash_pickup,5.39,0,0,92,30
wise,AU,IN,debit_card,bank_deposit,1.94,39,1.35,0,60
xoom,AU,IN,credit_card,bank_deposit,5.39,225,0,109,60
ria,AU,IN,credit_card,cash_pickup,6.74,275,0,198,30
worldremit,AU,IN,credit_card,mobile_wallet,7.59,377,0,244,30
worldremit,AU,IN,debit_card,mobile_wallet,6.5,0,0,202,30
remitly,AU,IN,bank_account,mobile_wallet,3.36,0,0,80,60
moneygram,AU,IN,bank_account,cash_pickup,4.33,0,0,328,150
moneygram,AU,IN,bank_account,mobile_wallet,4.33,0,0,353,60
xoom,AU,IN,debit_card,bank_deposit,4.04,0,0,97,60
worldremit,AU,IN,debit_card,bank_deposit,5.42,0,0,168,112
ria,AU,IN,debit_card,cash_pickup,5.24,0,0,192,60
remitly,AU,IN,debit_card,mobile_wallet,4.71,0,0,88,30
ria,AU,IN,credit_card,bank_deposit,5.24,265,0,186,150
westernunion,AU,IN,credit_card,cash_pickup,10.85,413,0,361,10
moneygram,AU,IN,credit_card,mobile_wallet,8.68,392,0,378,60
wise,AU,PK,bank_account,bank_deposit,2.15,157,1.35,0,1620
remitly,AU,PK,bank_account,bank_deposit,4.33,0,0,167,4320
worldremit,AU,PK,bank_account,bank_deposit,3.44,0,0,144,180
westernunion,AU,PK,bank_account,bank_deposit,0,0,0,415,4320
ria,AU,PK,bank_account,cash_pickup,4.04,0,0,167,180
westernunion,AU,PK,debit_card,cash_pickup,5.99,0,0,327,10
wise,AU,PK,debit_card,bank_deposit,6.11,157,1.35,0,60
xoom,AU,PK,credit_card,bank_deposit,8.68,362,0,290,60
ria,AU,PK,credit_card,cash_pickup,6.06,248,0,184,30
worldremit,AU,PK,credit_card,mobile_wallet,5.24,260,0,231,30
worldremit,AU,PK,debit_card,mobile_wallet,4.49,0,0,191,30
remitly,AU,PK,bank_account,mobile_wallet,5.42,0,0,212,60
moneygram,AU,PK,bank_account,cash_pickup,2.24,0,0,124,180
moneygram,AU,PK,bank_account,mobile_wallet,2.24,0,0,134,60
xoom,AU,PK,debit_card,bank_deposit,6.5,0,0,257,60
worldremit,AU,PK,debit_card,bank_deposit,3.74,0,0,160,135
ria,AU,PK,debit_card,cash_pickup,4.71,0,0,179,60
remitly,AU,PK,debit_card,mobile_wallet,7.59,0,0,234,30
ria,AU,PK,credit_card,bank_deposit,4.71,238,0,173,180
westernunion,AU,PK,credit_card,cash_pickup,7.49,285,0,343,10
moneygram,AU,PK,credit_card,mobile_wallet,4.49,202,0,144,60
remitly,AU,CO,bank_account,bank_deposit,2.69,0,0,88,4320
worldremit,AU,CO,bank_account,bank_deposit,4.98,0,0,210,180
westernunion,AU,CO,bank_account,bank_deposit,0,0,0,434,4320
ria,AU,CO,bank_account,cash_pickup,3.36,0,0,100,180
westernunion,AU,CO,debit_card,cash_pickup,5.99,0,0,342,10
xoom,AU,CO,credit_card,bank_deposit,8.68,362,0,303,60
ria,AU,CO,credit_card,cash_pickup,5.05,206,0,110,30
worldremit,AU,CO,credit_card,mobile_wallet,7.59,377,0,339,30
worldremit,AU,CO,debit_card,mobile_wallet,6.5,0,0,280,30
remitly,AU,CO,bank_account,mobile_wallet,3.36,0,0,111,60
moneygram,AU,CO,bank_account,cash_pickup,4.33,0,0,455,180
moneygram,AU,CO,bank_account,mobile_wallet,4.33,0,0,490,60
xoom,AU,CO,debit_card,bank_deposit,6.5,0,0,268,60
worldremit,AU,CO,debit_card,bank_deposit,5.42,0,0,233,135
ria,AU,CO,debit_card,cash_pickup,3.93,0,0,107,60
remitly,AU,CO,debit_card,mobile_wallet,4.71,0,0,123,30
ria,AU,CO,credit_card,bank_deposit,3.93,199,0,103,180
westernunion,AU,CO,credit_card,cash_pickup,7.49,285,0,359,10
moneygram,AU,CO,credit_card,mobile_wallet,8.68,392,0,525,60
wise,AU,VN,bank_account,bank_deposit,0.83,53,1.35,0,1350
remitly,AU,VN,bank_account,bank_deposit,2.99,0,0,108,3600
worldremit,AU,VN,bank_account,bank_deposit,4.98,0,0,181,150
westernunion,AU,VN,bank_account,bank_deposit,0,0,0,150,3600
ria,AU,VN,bank_account,cash_pickup,6.5,0,0,302,150
westernunion,AU,VN,debit_card,cash_pickup,4.49,0,0,118,10
remitly,AU,VN,debit_card,cash_pickup,5.99,0,0,158,30
wise,AU,VN,debit_card,bank_deposit,2.36,53,1.35,0,60
xoom,AU,VN,credit_card,bank_deposit,8.68,362,0,262,60
ria,AU,VN,credit_card,cash_pickup,9.77,399,0,333,30
worldremit,AU,VN,credit_card,mobile_wallet,7.59,377,0,292,30
worldremit,AU,VN,debit_card,mobile_wallet,6.5,0,0,242,30
remitly,AU,VN,bank_account,mobile_wallet,3.74,0,0,137,60
moneygram,AU,VN,bank_account,cash_pickup,2.99,0,0,281,150
moneygram,AU,VN,bank_account,mobile_wallet,2.99,0,0,302,60
xoom,AU,VN,debit_card,bank_deposit,6.5,0,0,232,60
worldremit,AU,VN,debit_card,bank_deposit,5.42,0,0,202,112
ria,AU,VN,debit_card,cash_pickup,7.59,0,0,323,60
remitly,AU,VN,debit_card,mobile_wallet,5.24,0,0,151,30
ria,AU,VN,credit_card,bank_deposit,7.59,384,0,312,150
westernunion,AU,VN,credit_card,cash_pickup,5.61,214,0,124,10
moneygram,AU,VN,credit_card,mobile_wallet,5.99,270,0,324,60
remitly,AU,GT,bank_account,bank_deposit,2.69,0,0,99,4320
worldremit,AU,GT,bank_account,bank_deposit,4.98,0,0,238,180
westernunion,AU,GT,bank_account,bank_deposit,0,0,0,196,4320
ria,AU,GT,bank_account,cash_pickup,3.36,0,0,113,180
westernunion,AU,GT,debit_card,cash_pickup,4.49,0,0,155,10
xoom,AU,GT,credit_card,bank_deposit,8.68,362,0,343,60
ria,AU,GT,credit_card,cash_pickup,5.05,206,0,124,30
worldremit,AU,GT,credit_card,mobile_wallet,7.59,377,0,383,30
worldremit,AU,GT,debit_card,mobile_wallet,6.5,0,0,317,30
remitly,AU,GT,bank_account,mobile_wallet,3.36,0,0,125,60
moneygram,AU,GT,bank_account,cash_pickup,2.69,0,0,257,180
moneygram,AU,GT,bank_account,mobile_wallet,2.69,0,0,277,60
xoom,AU,GT,debit_card,bank_deposit,6.5,0,0,303,60
worldremit,AU,GT,debit_card,bank_deposit,5.42,0,0,264,135
ria,AU,GT,debit_card,cash_pickup,3.93,0,0,121,60
remitly,AU,GT,debit_card,mobile_wallet,4.71,0,0,139,30
ria,AU,GT,credit_card,bank_deposit,3.93,199,0,117,180
westernunion,AU,GT,credit_card,cash_pickup,5.61,214,0,162,10
moneygram,AU,GT,credit_card,mobile_wallet,5.39,243,0,297,60
wise,AU,EG,bank_account,bank_deposit,2.15,189,1.35,0,1620
remitly,AU,EG,bank_account,bank_deposit,4.33,0,0,228,4320
worldremit,AU,EG,bank_account,bank_deposit,3.09,0,0,137,180
westernunion,AU,EG,bank_account,bank_deposit,0,0,0,396,4320
ria,AU,EG,bank_account,cash_pickup,4.49,0,0,326,180
westernunion,AU,EG,debit_card,cash_pickup,5.39,0,0,312,10
wise,AU,EG,debit_card,bank_deposit,6.11,189,1.35,0,60
xoom,AU,EG,credit_card,bank_deposit,8.68,362,0,396,60
ria,AU,EG,credit_card,cash_pickup,6.74,275,0,359,30
worldremit,AU,EG,credit_card,mobile_wallet,4.71,234,0,221,30
worldremit,AU,EG,debit_card,mobile_wallet,4.04,0,0,183,30
remitly,AU,EG,bank_account,mobile_wallet,5.42,0,0,289,60
moneygram,AU,EG,bank_account,cash_pickup,2.24,0,0,170,180
moneygram,AU,EG,bank_account,mobile_wallet,2.24,0,0,183,60
xoom,AU,EG,debit_card,bank_deposit,6.5,0,0,350,60
worldremit,AU,EG,debit_card,bank_deposit,3.36,0,0,152,135
ria,AU,EG,debit_card,cash_pickup,5.24,0,0,348,60
remitly,AU,EG,debit_card,mobile_wallet,7.59,0,0,320,30
ria,AU,EG,credit_card,bank_deposit,5.24,265,0,337,180
westernunion,AU,EG,credit_card,cash_pickup,6.74,256,0,327,10
moneygram,AU,EG,credit_card,mobile_wallet,4.49,202,0,196,60
wise,AU,NG,bank_account,bank_deposit,2.15,198,1.35,0,1620
remitly,AU,NG,bank_account,bank_deposit,4.33,0,0,244,4320
worldremit,AU,NG,bank_account,bank_deposit,3.09,0,0,146,180
westernunion,AU,NG,bank_account,bank_deposit,0,0,0,600,4320
ria,AU,NG,bank_account,cash_pickup,6.5,0,0,487,180
westernunion,AU,NG,debit_card,cash_pickup,5.99,0,0,476,10
wise,AU,NG,debit_card,bank_deposit,6.11,198,1.35,0,60
xoom,AU,NG,credit_card,bank_deposit,8.68,362,0,422,60
ria,AU,NG,credit_card,cash_pickup,9.77,399,0,536,30
worldremit,AU,NG,credit_card,mobile_wallet,4.71,234,0,235,30
worldremit,AU,NG,debit_card,mobile_wallet,4.04,0,0,195,30
remitly,AU,NG,bank_account,mobile_wallet,5.42,0,0,309,60
moneygram,AU,NG,bank_account,cash_pickup,2.69,0,0,317,180
moneygram,AU,NG,bank_account,mobile_wallet,2.69,0,0,341,60
xoom,AU,NG,debit_card,bank_deposit,6.5,0,0,374,60
worldremit,AU,NG,debit_card,bank_deposit,3.36,0,0,162,135
ria,AU,NG,debit_card,cash_pickup,7.59,0,0,520,60
remitly,AU,NG,debit_card,mobile_wallet,7.59,0,0,341,30
ria,AU,NG,credit_card,bank_deposit,7.59,384,0,503,180
westernunion,AU,NG,credit_card,cash_pickup,7.49,285,0,499,10
moneygram,AU,NG,credit_card,mobile_wallet,5.39,243,0,365,60
remitly,AE,MX,bank_account,bank_deposit,6.54,0,0,76,4320
worldremit,AE,MX,bank_account,bank_deposit,12.12,0,0,183,180
westernunion,AE,MX,bank_account,bank_deposit,0,0,0,377,4320
ria,AE,MX,bank_account,cash_pickup,8.19,0,0,87,180
westernunion,AE,MX,debit_card,cash_pickup,14.56,0,0,297,10
xoom,AE,MX,credit_card,bank_deposit,13.11,225,0,132,60
ria,AE,MX,credit_card,cash_pickup,12.29,206,0,96,30
worldremit,AE,MX,credit_card,mobile_wallet,18.47,377,0,294,30
worldremit,AE,MX,debit_card,mobile_wallet,15.82,0,0,244,30
remitly,AE,MX,bank_account,mobile_wallet,8.18,0,0,96,60
moneygram,AE,MX,bank_account,cash_pickup,10.53,0,0,396,180
moneygram,AE,MX,bank_account,mobile_wallet,10.53,0,0,426,60
xoom,AE,MX,debit_card,bank_deposit,9.82,0,0,117,60
worldremit,AE,MX,debit_card,bank_deposit,13.18,0,0,203,135
ria,AE,MX,debit_card,cash_pickup,9.55,0,0,93,60
remitly,AE,MX,debit_card,mobile_wallet,11.46,0,0,107,30
ria,AE,MX,credit_card,bank_deposit,9.55,199,0,90,180
westernunion,AE,MX,credit_card,cash_pickup,18.21,285,0,312,10
moneygram,AE,MX,credit_card,mobile_wallet,21.12,392,0,457,60
wise,AE,PH,bank_account,bank_deposit,1.66,31,3.29,0,1080
remitly,AE,PH,bank_account,bank_deposit,6.54,0,0,52,2880
worldremit,AE,PH,bank_account,bank_deposit,7.52,0,0,63,120
westernunion,AE,PH,bank_account,bank_deposit,0,0,0,364,2880
ria,AE,PH,bank_account,cash_pickup,15.82,0,0,210,120
westernunion,AE,PH,debit_card,cash_pickup,21.12,0,0,287,10
remitly,AE,PH,debit_card,cash_pickup,13.11,0,0,77,30
moneygram,AE,PH,debit_card,cash_pickup,18.21,0,0,185,15
wise,AE,PH,debit_card,bank_deposit,4.73,31,3.29,0,60
xoom,AE,PH,credit_card,bank_deposit,14.56,250,0,130,60
ria,AE,PH,credit_card,cash_pickup,23.76,399,0,231,30
worldremit,AE,PH,credit_card,mobile_wallet,11.46,234,0,102,30
worldremit,AE,PH,debit_card,mobile_wallet,9.82,0,0,84,30
remitly,AE,PH,bank_account,mobile_wallet,8.18,0,0,66,60
moneygram,AE,PH,bank_account,cash_pickup,7.26,0,0,195,120
moneygram,AE,PH,bank_account,mobile_wallet,7.26,0,0,210,60
xoom,AE,PH,debit_card,bank_deposit,10.91,0,0,115,60
worldremit,AE,PH,debit_card,bank_deposit,8.18,0,0,70,90
ria,AE,PH,debit_card,cash_pickup,18.47,0,0,224,60
remitly,AE,PH,debit_card,mobile_wallet,11.46,0,0,74,30
ria,AE,PH,credit_card,bank_deposit,18.47,384,0,217,120
westernunion,AE,PH,credit_card,cash_pickup,26.41,413,0,301,10
moneygram,AE,PH,credit_card,mobile_wallet,14.56,270,0,225,60
wise,AE,IN,bank_account,bank_deposit,1.66,31,3.29,0,1080
remitly,AE,IN,bank_account,bank_deposit,7.26,0,0,75,2880
worldremit,AE,IN,bank_account,bank_deposit,8.36,0,0,90,120
westernunion,AE,IN,bank_account,bank_deposit,0,0,0,364,2880
ria,AE,IN,bank_account,cash_pickup,10.91,0,0,150,120
westernunion,AE,IN,debit_card,cash_pickup,21.12,0,0,287,10
remitly,AE,IN,debit_card,cash_pickup,14.56,0,0,110,30
moneygram,AE,IN,debit_card,cash_pickup,26.41,0,0,259,15
wise,AE,IN,debit_card,bank_deposit,4.73,31,3.29,0,60
xoom,AE,IN,credit_card,bank_deposit,13.11,225,0,91,60
ria,AE,IN,credit_card,cash_pickup,16.39,275,0,165,30
worldremit,AE,IN,credit_card,mobile_wallet,12.74,260,0,145,30
worldremit,AE,IN,debit_card,mobile_wallet,10.91,0,0,120,30
remitly,AE,IN,bank_account,mobile_wallet,9.09,0,0,95,60
moneygram,AE,IN,bank_account,cash_pickup,10.53,0,0,273,120
moneygram,AE,IN,bank_account,mobile_wallet,10.53,0,0,294,60
xoom,AE,IN,debit_card,bank_deposit,9.82,0,0,80,60
worldremit,AE,IN,debit_card,bank_deposit,9.09,0,0,100,90
ria,AE,IN,debit_card,cash_pickup,12.74,0,0,160,60
remitly,AE,IN,debit_card,mobile_wallet,12.74,0,0,105,30
ria,AE,IN,credit_card,bank_deposit,12.74,265,0,155,120
westernunion,AE,IN,credit_card,cash_pickup,26.41,413,0,301,10
moneygram,AE,IN,credit_card,mobile_wallet,21.12,392,0,315,60
wise,AE,PK,bank_account,bank_deposit,5.22,104,3.29,0,1080
remitly,AE,PK,bank_account,bank_deposit,10.53,0,0,115,2880
worldremit,AE,PK,bank_account,bank_deposit,7.52,0,0,69,120
westernunion,AE,PK,bank_account,bank_deposit,0,0,0,286,2880
ria,AE,PK,bank_account,cash_pickup,9.82,0,0,115,120
westernunion,AE,PK,debit_card,cash_pickup,14.56,0,0,226,10
remitly,AE,PK,debit_card,cash_pickup,21.12,0,0,169,30
moneygram,AE,PK,debit_card,cash_pickup,13.66,0,0,81,15
wise,AE,PK,debit_card,bank_deposit,14.86,104,3.29,0,60
xoom,AE,PK,credit_card,bank_deposit,21.12,362,0,200,60
ria,AE,PK,credit_card,cash_pickup,14.75,248,0,127,30
worldremit,AE,PK,credit_card,mobile_wallet,11.46,234,0,112,30
worldremit,AE,PK,debit_card,mobile_wallet,9.82,0,0,92,30
remitly,AE,PK,bank_account,mobile_wallet,13.18,0,0,146,60
moneygram,AE,PK,bank_account,cash_pickup,5.45,0,0,86,120
moneygram,AE,PK,bank_account,mobile_wallet,5.45,0,0,92,60
xoom,AE,PK,debit_card,bank_deposit,15.82,0,0,177,60
worldremit,AE,PK,debit_card,bank_deposit,8.18,0,0,77,90
ria,AE,PK,debit_card,cash_pickup,11.46,0,0,123,60
remitly,AE,PK,debit_card,mobile_wallet,18.47,0,0,162,30
ria,AE,PK,credit_card,bank_deposit,11.46,238,0,119,120
westernunion,AE,PK,credit_card,cash_pickup,18.21,285,0,237,10
moneygram,AE,PK,credit_card,mobile_wallet,10.92,202,0,99,60
remitly,AE,CO,bank_account,bank_deposit,7.26,0,0,125,4320
worldremit,AE,CO,bank_account,bank_deposit,12.12,0,0,210,180
westernunion,AE,CO,bank_account,bank_deposit,0,0,0,434,4320
ria,AE,CO,bank_account,cash_pickup,8.19,0,0,100,180
westernunion,AE,CO,debit_card,cash_pickup,14.56,0,0,342,10
xoom,AE,CO,credit_card,bank_deposit,21.12,362,0,303,60
ria,AE,CO,credit_card,cash_pickup,12.29,206,0,110,30
worldremit,AE,CO,credit_card,mobile_wallet,18.47,377,0,339,30
worldremit,AE,CO,debit_card,mobile_wallet,15.82,0,0,280,30
remitly,AE,CO,bank_account,mobile_wallet,9.09,0,0,158,60
moneygram,AE,CO,bank_account,cash_pickup,10.53,0,0,455,180
moneygram,AE,CO,bank_account,mobile_wallet,10.53,0,0,490,60
xoom,AE,CO,debit_card,bank_deposit,15.82,0,0,268,60
worldremit,AE,CO,debit_card,bank_deposit,13.18,0,0,233,135
ria,AE,CO,debit_card,cash_pickup,9.55,0,0,107,60
remitly,AE,CO,debit_card,mobile_wallet,12.74,0,0,175,30
ria,AE,CO,credit_card,bank_deposit,9.55,199,0,103,180
westernunion,AE,CO,credit_card,cash_pickup,18.21,285,0,359,10
moneygram,AE,CO,credit_card,mobile_wallet,21.12,392,0,525,60
wise,AE,VN,bank_account,bank_deposit,2.02,64,3.29,0,1620
remitly,AE,VN,bank_account,bank_deposit,10.53,0,0,183,4320
worldremit,AE,VN,bank_account,bank_deposit,8.36,0,0,157,180
westernunion,AE,VN,bank_account,bank_deposit,0,0,0,181,4320
ria,AE,VN,bank_account,cash_pickup,15.82,0,0,365,180
westernunion,AE,VN,debit_card,cash_pickup,10.92,0,0,143,10
wise,AE,VN,debit_card,bank_deposit,5.74,64,3.29,0,60
xoom,AE,VN,credit_card,bank_deposit,21.12,362,0,317,60
ria,AE,VN,credit_card,cash_pickup,23.76,399,0,402,30
worldremit,AE,VN,credit_card,mobile_wallet,12.74,260,0,252,30
worldremit,AE,VN,debit_card,mobile_wallet,10.91,0,0,209,30
remitly,AE,VN,bank_account,mobile_wallet,13.18,0,0,231,60
moneygram,AE,VN,bank_account,cash_pickup,7.26,0,0,339,180
moneygram,AE,VN,bank_account,mobile_wallet,7.26,0,0,365,60
xoom,AE,VN,debit_card,bank_deposit,15.82,0,0,280,60
worldremit,AE,VN,debit_card,bank_deposit,9.09,0,0,174,135
ria,AE,VN,debit_card,cash_pickup,18.47,0,0,390,60
remitly,AE,VN,debit_card,mobile_wallet,18.47,0,0,256,30
ria,AE,VN,credit_card,bank_deposit,18.47,384,0,378,180
westernunion,AE,VN,credit_card,cash_pickup,13.66,214,0,150,10
moneygram,AE,VN,credit_card,mobile_wallet,14.56,270,0,392,60
remitly,AE,GT,bank_account,bank_deposit,7.26,0,0,141,4320
worldremit,AE,GT,bank_account,bank_deposit,12.12,0,0,238,180
westernunion,AE,GT,bank_account,bank_deposit,0,0,0,196,4320
ria,AE,GT,bank_account,cash_pickup,8.19,0,0,113,180
westernunion,AE,GT,debit_card,cash_pickup,10.92,0,0,155,10
xoom,AE,GT,credit_card,bank_deposit,21.12,362,0,343,60
ria,AE,GT,credit_card,cash_pickup,12.29,206,0,124,30
worldremit,AE,GT,credit_card,mobile_wallet,18.47,377,0,383,30
worldremit,AE,GT,debit_card,mobile_wallet,15.82,0,0,317,30
remitly,AE,GT,bank_account,mobile_wallet,9.09,0,0,179,60
moneygram,AE,GT,bank_account,cash_pickup,6.54,0,0,257,180
moneygram,AE,GT,bank_account,mobile_wallet,6.54,0,0,277,60
xoom,AE,GT,debit_card,bank_deposit,15.82,0,0,303,60
worldremit,AE,GT,debit_card,bank_deposit,13.18,0,0,264,135
ria,AE,GT,debit_card,cash_pickup,9.55,0,0,121,60
remitly,AE,GT,debit_card,mobile_wallet,12.74,0,0,198,30
ria,AE,GT,credit_card,bank_deposit,9.55,199,0,117,180
westernunion,AE,GT,credit_card,cash_pickup,13.66,214,0,162,10
moneygram,AE,GT,credit_card,mobile_wallet,13.11,243,0,297,60
wise,AE,EG,bank_account,bank_deposit,5.22,158,3.29,0,1350
remitly,AE,EG,bank_account,bank_deposit,10.53,0,0,189,3600
worldremit,AE,EG,bank_account,bank_deposit,6.27,0,0,65,150
westernunion,AE,EG,bank_account,bank_deposit,0,0,0,328,3600
ria,AE,EG,bank_account,cash_pickup,10.91,0,0,270,150
westernunion,AE,EG,debit_card,cash_pickup,13.11,0,0,258,10
remitly,AE,EG,debit_card,cash_pickup,21.12,0,0,277,30
wise,AE,EG,debit_card,bank_deposit,14.86,158,3.29,0,60
xoom,AE,EG,credit_card,bank_deposit,21.12,362,0,328,60
ria,AE,EG,credit_card,cash_pickup,16.39,275,0,297,30
worldremit,AE,EG,credit_card,mobile_wallet,9.55,195,0,104,30
worldremit,AE,EG,debit_card,mobile_wallet,8.19,0,0,86,30
remitly,AE,EG,bank_account,mobile_wallet,13.18,0,0,239,60
moneygram,AE,EG,bank_account,cash_pickup,5.45,0,0,140,150
moneygram,AE,EG,bank_account,mobile_wallet,5.45,0,0,151,60
xoom,AE,EG,debit_card,bank_deposit,15.82,0,0,290,60
worldremit,AE,EG,debit_card,bank_deposit,6.82,0,0,72,112
ria,AE,EG,debit_card,cash_pickup,12.74,0,0,288,60
remitly,AE,EG,debit_card,mobile_wallet,18.47,0,0,265,30
ria,AE,EG,credit_card,bank_deposit,12.74,265,0,279,150
westernunion,AE,EG,credit_card,cash_pickup,16.39,256,0,271,10
moneygram,AE,EG,credit_card,mobile_wallet,10.92,202,0,162,60
wise,AE,NG,bank_account,bank_deposit,5.22,165,3.29,0,1350
remitly,AE,NG,bank_account,bank_deposit,10.53,0,0,202,3600
worldremit,AE,NG,bank_account,bank_deposit,6.27,0,0,69,150
westernunion,AE,NG,bank_account,bank_deposit,0,0,0,499,3600
ria,AE,NG,bank_account,cash_pickup,15.82,0,0,403,150
westernunion,AE,NG,debit_card,cash_pickup,14.56,0,0,394,10
remitly,AE,NG,debit_card,cash_pickup,21.12,0,0,296,30
wise,AE,NG,debit_card,bank_deposit,14.86,165,3.29,0,60
xoom,AE,NG,credit_card,bank_deposit,21.12,362,0,349,60
ria,AE,NG,credit_card,cash_pickup,23.76,399,0,444,30
worldremit,AE,NG,credit_card,mobile_wallet,9.55,195,0,111,30
worldremit,AE,NG,debit_card,mobile_wallet,8.19,0,0,92,30
remitly,AE,NG,bank_account,mobile_wallet,13.18,0,0,255,60
moneygram,AE,NG,bank_account,cash_pickup,6.54,0,0,262,150
moneygram,AE,NG,bank_account,mobile_wallet,6.54,0,0,282,60
xoom,AE,NG,debit_card,bank_deposit,15.82,0,0,309,60
worldremit,AE,NG,debit_card,bank_deposit,6.82,0,0,77,112
ria,AE,NG,debit_card,cash_pickup,18.47,0,0,430,60
remitly,AE,NG,debit_card,mobile_wallet,18.47,0,0,282,30
ria,AE,NG,credit_card,bank_deposit,18.47,384,0,417,150
westernunion,AE,NG,credit_card,cash_pickup,18.21,285,0,413,10
moneygram,AE,NG,credit_card,mobile_wallet,13.11,243,0,302,60
